sample;path;condition;annotations;species;reference_genome;rna_seq_path;library_type
SRR17335818;/home/jan/rnaseq_pred/sample_data/termseq_bam/SRR17335818.sorted.bam;1;/home/jan/rnaseq_pred/sample_data/genomes/Bacillus_subtilis/genome.gff3.gz;Bacillus_subtilis;/home/jan/rnaseq_pred/sample_data/genomes/Bacillus_subtilis/genome.fa;/home/jan/rnaseq_pred/sample_data/rnaseq_bam/SRR17335818.sorted.bam;R
SRR17335819;/home/jan/rnaseq_pred/sample_data/termseq_bam/SRR17335819.sorted.bam;1;/home/jan/rnaseq_pred/sample_data/genomes/Bacillus_subtilis/genome.gff3.gz;Bacillus_subtilis;/home/jan/rnaseq_pred/sample_data/genomes/Bacillus_subtilis/genome.fa;/home/jan/rnaseq_pred/sample_data/rnaseq_bam/SRR17335819.sorted.bam;R
SRR17335820;/home/jan/rnaseq_pred/sample_data/termseq_bam/SRR17335820.sorted.bam;1;/home/jan/rnaseq_pred/sample_data/genomes/Bacillus_subtilis/genome.gff3.gz;Bacillus_subtilis;/home/jan/rnaseq_pred/sample_data/genomes/Bacillus_subtilis/genome.fa;/home/jan/rnaseq_pred/sample_data/rnaseq_bam/SRR17335820.sorted.bam;R
SRR17335821;/home/jan/rnaseq_pred/sample_data/termseq_bam/SRR17335821.sorted.bam;2;/home/jan/rnaseq_pred/sample_data/genomes/Bacillus_subtilis/genome.gff3.gz;Bacillus_subtilis;/home/jan/rnaseq_pred/sample_data/genomes/Bacillus_subtilis/genome.fa;/home/jan/rnaseq_pred/sample_data/rnaseq_bam/SRR17335821.sorted.bam;R
SRR17335822;/home/jan/rnaseq_pred/sample_data/termseq_bam/SRR17335822.sorted.bam;2;/home/jan/rnaseq_pred/sample_data/genomes/Bacillus_subtilis/genome.gff3.gz;Bacillus_subtilis;/home/jan/rnaseq_pred/sample_data/genomes/Bacillus_subtilis/genome.fa;/home/jan/rnaseq_pred/sample_data/rnaseq_bam/SRR17335822.sorted.bam;R
SRR17335823;/home/jan/rnaseq_pred/sample_data/termseq_bam/SRR17335823.sorted.bam;2;/home/jan/rnaseq_pred/sample_data/genomes/Bacillus_subtilis/genome.gff3.gz;Bacillus_subtilis;/home/jan/rnaseq_pred/sample_data/genomes/Bacillus_subtilis/genome.fa;/home/jan/rnaseq_pred/sample_data/rnaseq_bam/SRR17335823.sorted.bam;R
SRR17335824;/home/jan/rnaseq_pred/sample_data/termseq_bam/SRR17335824.sorted.bam;3;/home/jan/rnaseq_pred/sample_data/genomes/Bacillus_subtilis/genome.gff3.gz;Bacillus_subtilis;/home/jan/rnaseq_pred/sample_data/genomes/Bacillus_subtilis/genome.fa;/home/jan/rnaseq_pred/sample_data/rnaseq_bam/SRR17335824.sorted.bam;R
SRR17335825;/home/jan/rnaseq_pred/sample_data/termseq_bam/SRR17335825.sorted.bam;3;/home/jan/rnaseq_pred/sample_data/genomes/Bacillus_subtilis/genome.gff3.gz;Bacillus_subtilis;/home/jan/rnaseq_pred/sample_data/genomes/Bacillus_subtilis/genome.fa;/home/jan/rnaseq_pred/sample_data/rnaseq_bam/SRR17335825.sorted.bam;R
SRR17335826;/home/jan/rnaseq_pred/sample_data/termseq_bam/SRR17335826.sorted.bam;3;/home/jan/rnaseq_pred/sample_data/genomes/Bacillus_subtilis/genome.gff3.gz;Bacillus_subtilis;/home/jan/rnaseq_pred/sample_data/genomes/Bacillus_subtilis/genome.fa;/home/jan/rnaseq_pred/sample_data/rnaseq_bam/SRR17335826.sorted.bam;R
SRR17335827;/home/jan/rnaseq_pred/sample_data/termseq_bam/SRR17335827.sorted.bam;4;/home/jan/rnaseq_pred/sample_data/genomes/Bacillus_subtilis/genome.gff3.gz;Bacillus_subtilis;/home/jan/rnaseq_pred/sample_data/genomes/Bacillus_subtilis/genome.fa;/home/jan/rnaseq_pred/sample_data/rnaseq_bam/SRR17335827.sorted.bam;R
SRR17335828;/home/jan/rnaseq_pred/sample_data/termseq_bam/SRR17335828.sorted.bam;4;/home/jan/rnaseq_pred/sample_data/genomes/Bacillus_subtilis/genome.gff3.gz;Bacillus_subtilis;/home/jan/rnaseq_pred/sample_data/genomes/Bacillus_subtilis/genome.fa;/home/jan/rnaseq_pred/sample_data/rnaseq_bam/SRR17335828.sorted.bam;R
SRR17335829;/home/jan/rnaseq_pred/sample_data/termseq_bam/SRR17335829.sorted.bam;4;/home/jan/rnaseq_pred/sample_data/genomes/Bacillus_subtilis/genome.gff3.gz;Bacillus_subtilis;/home/jan/rnaseq_pred/sample_data/genomes/Bacillus_subtilis/genome.fa;/home/jan/rnaseq_pred/sample_data/rnaseq_bam/SRR17335829.sorted.bam;R
ERR1248362;/home/jan/rnaseq_pred/sample_data/termseq_bam/ERR1248362.sorted.bam;5;/home/jan/rnaseq_pred/sample_data/genomes/Bacillus_subtilis/genome.gff3.gz;Bacillus_subtilis;/home/jan/rnaseq_pred/sample_data/genomes/Bacillus_subtilis/genome.fa;/home/jan/rnaseq_pred/sample_data/rnaseq_bam/ERR1248364.sorted.bam;R
ERR1248363;/home/jan/rnaseq_pred/sample_data/termseq_bam/ERR1248363.sorted.bam;5;/home/jan/rnaseq_pred/sample_data/genomes/Bacillus_subtilis/genome.gff3.gz;Bacillus_subtilis;/home/jan/rnaseq_pred/sample_data/genomes/Bacillus_subtilis/genome.fa;/home/jan/rnaseq_pred/sample_data/rnaseq_bam/ERR1248364.sorted.bam;R
ERR1248370;/home/jan/rnaseq_pred/sample_data/termseq_bam/ERR1248370.sorted.bam;6;/home/jan/rnaseq_pred/sample_data/genomes/Bacillus_subtilis/genome.gff3.gz;Bacillus_subtilis;/home/jan/rnaseq_pred/sample_data/genomes/Bacillus_subtilis/genome.fa;/home/jan/rnaseq_pred/sample_data/rnaseq_bam/ERR1248393.sorted.bam;R
ERR1248371;/home/jan/rnaseq_pred/sample_data/termseq_bam/ERR1248371.sorted.bam;6;/home/jan/rnaseq_pred/sample_data/genomes/Bacillus_subtilis/genome.gff3.gz;Bacillus_subtilis;/home/jan/rnaseq_pred/sample_data/genomes/Bacillus_subtilis/genome.fa;/home/jan/rnaseq_pred/sample_data/rnaseq_bam/ERR1248393.sorted.bam;R
ERR1248372;/home/jan/rnaseq_pred/sample_data/termseq_bam/ERR1248372.sorted.bam;7;/home/jan/rnaseq_pred/sample_data/genomes/Bacillus_subtilis/genome.gff3.gz;Bacillus_subtilis;/home/jan/rnaseq_pred/sample_data/genomes/Bacillus_subtilis/genome.fa;/home/jan/rnaseq_pred/sample_data/rnaseq_bam/ERR1248394.sorted.bam;R
ERR1248373;/home/jan/rnaseq_pred/sample_data/termseq_bam/ERR1248373.sorted.bam;7;/home/jan/rnaseq_pred/sample_data/genomes/Bacillus_subtilis/genome.gff3.gz;Bacillus_subtilis;/home/jan/rnaseq_pred/sample_data/genomes/Bacillus_subtilis/genome.fa;/home/jan/rnaseq_pred/sample_data/rnaseq_bam/ERR1248394.sorted.bam;R
ERR1248374;/home/jan/rnaseq_pred/sample_data/termseq_bam/ERR1248374.sorted.bam;7;/home/jan/rnaseq_pred/sample_data/genomes/Bacillus_subtilis/genome.gff3.gz;Bacillus_subtilis;/home/jan/rnaseq_pred/sample_data/genomes/Bacillus_subtilis/genome.fa;/home/jan/rnaseq_pred/sample_data/rnaseq_bam/ERR1248394.sorted.bam;R
ERR1248375;/home/jan/rnaseq_pred/sample_data/termseq_bam/ERR1248375.sorted.bam;8;/home/jan/rnaseq_pred/sample_data/genomes/Bacillus_subtilis/genome.gff3.gz;Bacillus_subtilis;/home/jan/rnaseq_pred/sample_data/genomes/Bacillus_subtilis/genome.fa;/home/jan/rnaseq_pred/sample_data/rnaseq_bam/ERR1248395.sorted.bam;R
ERR1248376;/home/jan/rnaseq_pred/sample_data/termseq_bam/ERR1248376.sorted.bam;8;/home/jan/rnaseq_pred/sample_data/genomes/Bacillus_subtilis/genome.gff3.gz;Bacillus_subtilis;/home/jan/rnaseq_pred/sample_data/genomes/Bacillus_subtilis/genome.fa;/home/jan/rnaseq_pred/sample_data/rnaseq_bam/ERR1248395.sorted.bam;R
ERR1248377;/home/jan/rnaseq_pred/sample_data/termseq_bam/ERR1248377.sorted.bam;8;/home/jan/rnaseq_pred/sample_data/genomes/Bacillus_subtilis/genome.gff3.gz;Bacillus_subtilis;/home/jan/rnaseq_pred/sample_data/genomes/Bacillus_subtilis/genome.fa;/home/jan/rnaseq_pred/sample_data/rnaseq_bam/ERR1248395.sorted.bam;R
ERR1248378;/home/jan/rnaseq_pred/sample_data/termseq_bam/ERR1248378.sorted.bam;9;/home/jan/rnaseq_pred/sample_data/genomes/Bacillus_subtilis/genome.gff3.gz;Bacillus_subtilis;/home/jan/rnaseq_pred/sample_data/genomes/Bacillus_subtilis/genome.fa;/home/jan/rnaseq_pred/sample_data/rnaseq_bam/ERR1248396.sorted.bam;R
ERR1248379;/home/jan/rnaseq_pred/sample_data/termseq_bam/ERR1248379.sorted.bam;9;/home/jan/rnaseq_pred/sample_data/genomes/Bacillus_subtilis/genome.gff3.gz;Bacillus_subtilis;/home/jan/rnaseq_pred/sample_data/genomes/Bacillus_subtilis/genome.fa;/home/jan/rnaseq_pred/sample_data/rnaseq_bam/ERR1248396.sorted.bam;R
ERR1248380;/home/jan/rnaseq_pred/sample_data/termseq_bam/ERR1248380.sorted.bam;9;/home/jan/rnaseq_pred/sample_data/genomes/Bacillus_subtilis/genome.gff3.gz;Bacillus_subtilis;/home/jan/rnaseq_pred/sample_data/genomes/Bacillus_subtilis/genome.fa;/home/jan/rnaseq_pred/sample_data/rnaseq_bam/ERR1248396.sorted.bam;R
ERR1248381;/home/jan/rnaseq_pred/sample_data/termseq_bam/ERR1248381.sorted.bam;10;/home/jan/rnaseq_pred/sample_data/genomes/Bacillus_subtilis/genome.gff3.gz;Bacillus_subtilis;/home/jan/rnaseq_pred/sample_data/genomes/Bacillus_subtilis/genome.fa;/home/jan/rnaseq_pred/sample_data/rnaseq_bam/ERR1248397.sorted.bam;R
ERR1248382;/home/jan/rnaseq_pred/sample_data/termseq_bam/ERR1248382.sorted.bam;10;/home/jan/rnaseq_pred/sample_data/genomes/Bacillus_subtilis/genome.gff3.gz;Bacillus_subtilis;/home/jan/rnaseq_pred/sample_data/genomes/Bacillus_subtilis/genome.fa;/home/jan/rnaseq_pred/sample_data/rnaseq_bam/ERR1248397.sorted.bam;R
ERR1248383;/home/jan/rnaseq_pred/sample_data/termseq_bam/ERR1248383.sorted.bam;10;/home/jan/rnaseq_pred/sample_data/genomes/Bacillus_subtilis/genome.gff3.gz;Bacillus_subtilis;/home/jan/rnaseq_pred/sample_data/genomes/Bacillus_subtilis/genome.fa;/home/jan/rnaseq_pred/sample_data/rnaseq_bam/ERR1248397.sorted.bam;R
ERR1248384;/home/jan/rnaseq_pred/sample_data/termseq_bam/ERR1248384.sorted.bam;11;/home/jan/rnaseq_pred/sample_data/genomes/Bacillus_subtilis/genome.gff3.gz;Bacillus_subtilis;/home/jan/rnaseq_pred/sample_data/genomes/Bacillus_subtilis/genome.fa;/home/jan/rnaseq_pred/sample_data/rnaseq_bam/ERR1248398.sorted.bam;R
ERR1248385;/home/jan/rnaseq_pred/sample_data/termseq_bam/ERR1248385.sorted.bam;11;/home/jan/rnaseq_pred/sample_data/genomes/Bacillus_subtilis/genome.gff3.gz;Bacillus_subtilis;/home/jan/rnaseq_pred/sample_data/genomes/Bacillus_subtilis/genome.fa;/home/jan/rnaseq_pred/sample_data/rnaseq_bam/ERR1248398.sorted.bam;R
ERR1248386;/home/jan/rnaseq_pred/sample_data/termseq_bam/ERR1248386.sorted.bam;11;/home/jan/rnaseq_pred/sample_data/genomes/Bacillus_subtilis/genome.gff3.gz;Bacillus_subtilis;/home/jan/rnaseq_pred/sample_data/genomes/Bacillus_subtilis/genome.fa;/home/jan/rnaseq_pred/sample_data/rnaseq_bam/ERR1248398.sorted.bam;R
ERR1248387;/home/jan/rnaseq_pred/sample_data/termseq_bam/ERR1248387.sorted.bam;12;/home/jan/rnaseq_pred/sample_data/genomes/Bacillus_subtilis/genome.gff3.gz;Bacillus_subtilis;/home/jan/rnaseq_pred/sample_data/genomes/Bacillus_subtilis/genome.fa;/home/jan/rnaseq_pred/sample_data/rnaseq_bam/ERR1248399.sorted.bam;R
ERR1248388;/home/jan/rnaseq_pred/sample_data/termseq_bam/ERR1248388.sorted.bam;12;/home/jan/rnaseq_pred/sample_data/genomes/Bacillus_subtilis/genome.gff3.gz;Bacillus_subtilis;/home/jan/rnaseq_pred/sample_data/genomes/Bacillus_subtilis/genome.fa;/home/jan/rnaseq_pred/sample_data/rnaseq_bam/ERR1248399.sorted.bam;R
ERR1248389;/home/jan/rnaseq_pred/sample_data/termseq_bam/ERR1248389.sorted.bam;12;/home/jan/rnaseq_pred/sample_data/genomes/Bacillus_subtilis/genome.gff3.gz;Bacillus_subtilis;/home/jan/rnaseq_pred/sample_data/genomes/Bacillus_subtilis/genome.fa;/home/jan/rnaseq_pred/sample_data/rnaseq_bam/ERR1248399.sorted.bam;R
ERR1248390;/home/jan/rnaseq_pred/sample_data/termseq_bam/ERR1248390.sorted.bam;13;/home/jan/rnaseq_pred/sample_data/genomes/Bacillus_subtilis/genome.gff3.gz;Bacillus_subtilis;/home/jan/rnaseq_pred/sample_data/genomes/Bacillus_subtilis/genome.fa;/home/jan/rnaseq_pred/sample_data/rnaseq_bam/ERR1248400.sorted.bam;R
ERR1248391;/home/jan/rnaseq_pred/sample_data/termseq_bam/ERR1248391.sorted.bam;13;/home/jan/rnaseq_pred/sample_data/genomes/Bacillus_subtilis/genome.gff3.gz;Bacillus_subtilis;/home/jan/rnaseq_pred/sample_data/genomes/Bacillus_subtilis/genome.fa;/home/jan/rnaseq_pred/sample_data/rnaseq_bam/ERR1248400.sorted.bam;R
ERR1248392;/home/jan/rnaseq_pred/sample_data/termseq_bam/ERR1248392.sorted.bam;13;/home/jan/rnaseq_pred/sample_data/genomes/Bacillus_subtilis/genome.gff3.gz;Bacillus_subtilis;/home/jan/rnaseq_pred/sample_data/genomes/Bacillus_subtilis/genome.fa;/home/jan/rnaseq_pred/sample_data/rnaseq_bam/ERR1248400.sorted.bam;R
ERR1248436;/home/jan/rnaseq_pred/sample_data/termseq_bam/ERR1248436.sorted.bam;14;/home/jan/rnaseq_pred/sample_data/genomes/Listeria_monocytogenes/genome.gff3.gz;Listeria_monocytogenes;/home/jan/rnaseq_pred/sample_data/genomes/Listeria_monocytogenes/genome.fa;/home/jan/rnaseq_pred/sample_data/rnaseq_bam/ERR1248439.sorted.bam;R
ERR1248437;/home/jan/rnaseq_pred/sample_data/termseq_bam/ERR1248437.sorted.bam;14;/home/jan/rnaseq_pred/sample_data/genomes/Listeria_monocytogenes/genome.gff3.gz;Listeria_monocytogenes;/home/jan/rnaseq_pred/sample_data/genomes/Listeria_monocytogenes/genome.fa;/home/jan/rnaseq_pred/sample_data/rnaseq_bam/ERR1248439.sorted.bam;R
ERR1248438;/home/jan/rnaseq_pred/sample_data/termseq_bam/ERR1248438.sorted.bam;14;/home/jan/rnaseq_pred/sample_data/genomes/Listeria_monocytogenes/genome.gff3.gz;Listeria_monocytogenes;/home/jan/rnaseq_pred/sample_data/genomes/Listeria_monocytogenes/genome.fa;/home/jan/rnaseq_pred/sample_data/rnaseq_bam/ERR1248439.sorted.bam;R
ERR1248440;/home/jan/rnaseq_pred/sample_data/termseq_bam/ERR1248440.sorted.bam;15;/home/jan/rnaseq_pred/sample_data/genomes/Listeria_monocytogenes/genome.gff3.gz;Listeria_monocytogenes;/home/jan/rnaseq_pred/sample_data/genomes/Listeria_monocytogenes/genome.fa;/home/jan/rnaseq_pred/sample_data/rnaseq_bam/ERR1248461.sorted.bam;R
ERR1248441;/home/jan/rnaseq_pred/sample_data/termseq_bam/ERR1248441.sorted.bam;15;/home/jan/rnaseq_pred/sample_data/genomes/Listeria_monocytogenes/genome.gff3.gz;Listeria_monocytogenes;/home/jan/rnaseq_pred/sample_data/genomes/Listeria_monocytogenes/genome.fa;/home/jan/rnaseq_pred/sample_data/rnaseq_bam/ERR1248461.sorted.bam;R
ERR1248442;/home/jan/rnaseq_pred/sample_data/termseq_bam/ERR1248442.sorted.bam;15;/home/jan/rnaseq_pred/sample_data/genomes/Listeria_monocytogenes/genome.gff3.gz;Listeria_monocytogenes;/home/jan/rnaseq_pred/sample_data/genomes/Listeria_monocytogenes/genome.fa;/home/jan/rnaseq_pred/sample_data/rnaseq_bam/ERR1248461.sorted.bam;R
ERR1248443;/home/jan/rnaseq_pred/sample_data/termseq_bam/ERR1248443.sorted.bam;16;/home/jan/rnaseq_pred/sample_data/genomes/Listeria_monocytogenes/genome.gff3.gz;Listeria_monocytogenes;/home/jan/rnaseq_pred/sample_data/genomes/Listeria_monocytogenes/genome.fa;/home/jan/rnaseq_pred/sample_data/rnaseq_bam/ERR1248462.sorted.bam;R
ERR1248444;/home/jan/rnaseq_pred/sample_data/termseq_bam/ERR1248444.sorted.bam;16;/home/jan/rnaseq_pred/sample_data/genomes/Listeria_monocytogenes/genome.gff3.gz;Listeria_monocytogenes;/home/jan/rnaseq_pred/sample_data/genomes/Listeria_monocytogenes/genome.fa;/home/jan/rnaseq_pred/sample_data/rnaseq_bam/ERR1248462.sorted.bam;R
ERR1248445;/home/jan/rnaseq_pred/sample_data/termseq_bam/ERR1248445.sorted.bam;16;/home/jan/rnaseq_pred/sample_data/genomes/Listeria_monocytogenes/genome.gff3.gz;Listeria_monocytogenes;/home/jan/rnaseq_pred/sample_data/genomes/Listeria_monocytogenes/genome.fa;/home/jan/rnaseq_pred/sample_data/rnaseq_bam/ERR1248462.sorted.bam;R
ERR1248446;/home/jan/rnaseq_pred/sample_data/termseq_bam/ERR1248446.sorted.bam;17;/home/jan/rnaseq_pred/sample_data/genomes/Listeria_monocytogenes/genome.gff3.gz;Listeria_monocytogenes;/home/jan/rnaseq_pred/sample_data/genomes/Listeria_monocytogenes/genome.fa;/home/jan/rnaseq_pred/sample_data/rnaseq_bam/ERR1248463.sorted.bam;R
ERR1248447;/home/jan/rnaseq_pred/sample_data/termseq_bam/ERR1248447.sorted.bam;17;/home/jan/rnaseq_pred/sample_data/genomes/Listeria_monocytogenes/genome.gff3.gz;Listeria_monocytogenes;/home/jan/rnaseq_pred/sample_data/genomes/Listeria_monocytogenes/genome.fa;/home/jan/rnaseq_pred/sample_data/rnaseq_bam/ERR1248463.sorted.bam;R
ERR1248448;/home/jan/rnaseq_pred/sample_data/termseq_bam/ERR1248448.sorted.bam;17;/home/jan/rnaseq_pred/sample_data/genomes/Listeria_monocytogenes/genome.gff3.gz;Listeria_monocytogenes;/home/jan/rnaseq_pred/sample_data/genomes/Listeria_monocytogenes/genome.fa;/home/jan/rnaseq_pred/sample_data/rnaseq_bam/ERR1248463.sorted.bam;R
ERR1248449;/home/jan/rnaseq_pred/sample_data/termseq_bam/ERR1248449.sorted.bam;18;/home/jan/rnaseq_pred/sample_data/genomes/Listeria_monocytogenes/genome.gff3.gz;Listeria_monocytogenes;/home/jan/rnaseq_pred/sample_data/genomes/Listeria_monocytogenes/genome.fa;/home/jan/rnaseq_pred/sample_data/rnaseq_bam/ERR1248464.sorted.bam;R
ERR1248450;/home/jan/rnaseq_pred/sample_data/termseq_bam/ERR1248450.sorted.bam;18;/home/jan/rnaseq_pred/sample_data/genomes/Listeria_monocytogenes/genome.gff3.gz;Listeria_monocytogenes;/home/jan/rnaseq_pred/sample_data/genomes/Listeria_monocytogenes/genome.fa;/home/jan/rnaseq_pred/sample_data/rnaseq_bam/ERR1248464.sorted.bam;R
ERR1248451;/home/jan/rnaseq_pred/sample_data/termseq_bam/ERR1248451.sorted.bam;18;/home/jan/rnaseq_pred/sample_data/genomes/Listeria_monocytogenes/genome.gff3.gz;Listeria_monocytogenes;/home/jan/rnaseq_pred/sample_data/genomes/Listeria_monocytogenes/genome.fa;/home/jan/rnaseq_pred/sample_data/rnaseq_bam/ERR1248464.sorted.bam;R
ERR1248452;/home/jan/rnaseq_pred/sample_data/termseq_bam/ERR1248452.sorted.bam;19;/home/jan/rnaseq_pred/sample_data/genomes/Listeria_monocytogenes/genome.gff3.gz;Listeria_monocytogenes;/home/jan/rnaseq_pred/sample_data/genomes/Listeria_monocytogenes/genome.fa;/home/jan/rnaseq_pred/sample_data/rnaseq_bam/ERR1248465.sorted.bam;R
ERR1248453;/home/jan/rnaseq_pred/sample_data/termseq_bam/ERR1248453.sorted.bam;19;/home/jan/rnaseq_pred/sample_data/genomes/Listeria_monocytogenes/genome.gff3.gz;Listeria_monocytogenes;/home/jan/rnaseq_pred/sample_data/genomes/Listeria_monocytogenes/genome.fa;/home/jan/rnaseq_pred/sample_data/rnaseq_bam/ERR1248465.sorted.bam;R
ERR1248454;/home/jan/rnaseq_pred/sample_data/termseq_bam/ERR1248454.sorted.bam;19;/home/jan/rnaseq_pred/sample_data/genomes/Listeria_monocytogenes/genome.gff3.gz;Listeria_monocytogenes;/home/jan/rnaseq_pred/sample_data/genomes/Listeria_monocytogenes/genome.fa;/home/jan/rnaseq_pred/sample_data/rnaseq_bam/ERR1248465.sorted.bam;R
ERR1248455;/home/jan/rnaseq_pred/sample_data/termseq_bam/ERR1248455.sorted.bam;20;/home/jan/rnaseq_pred/sample_data/genomes/Listeria_monocytogenes/genome.gff3.gz;Listeria_monocytogenes;/home/jan/rnaseq_pred/sample_data/genomes/Listeria_monocytogenes/genome.fa;/home/jan/rnaseq_pred/sample_data/rnaseq_bam/ERR1248466.sorted.bam;R
ERR1248456;/home/jan/rnaseq_pred/sample_data/termseq_bam/ERR1248456.sorted.bam;20;/home/jan/rnaseq_pred/sample_data/genomes/Listeria_monocytogenes/genome.gff3.gz;Listeria_monocytogenes;/home/jan/rnaseq_pred/sample_data/genomes/Listeria_monocytogenes/genome.fa;/home/jan/rnaseq_pred/sample_data/rnaseq_bam/ERR1248466.sorted.bam;R
ERR1248457;/home/jan/rnaseq_pred/sample_data/termseq_bam/ERR1248457.sorted.bam;20;/home/jan/rnaseq_pred/sample_data/genomes/Listeria_monocytogenes/genome.gff3.gz;Listeria_monocytogenes;/home/jan/rnaseq_pred/sample_data/genomes/Listeria_monocytogenes/genome.fa;/home/jan/rnaseq_pred/sample_data/rnaseq_bam/ERR1248466.sorted.bam;R
ERR1248458;/home/jan/rnaseq_pred/sample_data/termseq_bam/ERR1248458.sorted.bam;21;/home/jan/rnaseq_pred/sample_data/genomes/Listeria_monocytogenes/genome.gff3.gz;Listeria_monocytogenes;/home/jan/rnaseq_pred/sample_data/genomes/Listeria_monocytogenes/genome.fa;/home/jan/rnaseq_pred/sample_data/rnaseq_bam/ERR1248467.sorted.bam;R
ERR1248459;/home/jan/rnaseq_pred/sample_data/termseq_bam/ERR1248459.sorted.bam;21;/home/jan/rnaseq_pred/sample_data/genomes/Listeria_monocytogenes/genome.gff3.gz;Listeria_monocytogenes;/home/jan/rnaseq_pred/sample_data/genomes/Listeria_monocytogenes/genome.fa;/home/jan/rnaseq_pred/sample_data/rnaseq_bam/ERR1248467.sorted.bam;R
ERR1248460;/home/jan/rnaseq_pred/sample_data/termseq_bam/ERR1248460.sorted.bam;21;/home/jan/rnaseq_pred/sample_data/genomes/Listeria_monocytogenes/genome.gff3.gz;Listeria_monocytogenes;/home/jan/rnaseq_pred/sample_data/genomes/Listeria_monocytogenes/genome.fa;/home/jan/rnaseq_pred/sample_data/rnaseq_bam/ERR1248467.sorted.bam;R
ERR1248401;/home/jan/rnaseq_pred/sample_data/termseq_bam/ERR1248401.sorted.bam;22;/home/jan/rnaseq_pred/sample_data/genomes/Enterococcus_faecalis/genome.gff3.gz;Enterococcus_faecalis;/home/jan/rnaseq_pred/sample_data/genomes/Enterococcus_faecalis/genome.fa;/home/jan/rnaseq_pred/sample_data/rnaseq_bam/ERR1248404.sorted.bam;R
ERR1248402;/home/jan/rnaseq_pred/sample_data/termseq_bam/ERR1248402.sorted.bam;22;/home/jan/rnaseq_pred/sample_data/genomes/Enterococcus_faecalis/genome.gff3.gz;Enterococcus_faecalis;/home/jan/rnaseq_pred/sample_data/genomes/Enterococcus_faecalis/genome.fa;/home/jan/rnaseq_pred/sample_data/rnaseq_bam/ERR1248404.sorted.bam;R
ERR1248403;/home/jan/rnaseq_pred/sample_data/termseq_bam/ERR1248403.sorted.bam;22;/home/jan/rnaseq_pred/sample_data/genomes/Enterococcus_faecalis/genome.gff3.gz;Enterococcus_faecalis;/home/jan/rnaseq_pred/sample_data/genomes/Enterococcus_faecalis/genome.fa;/home/jan/rnaseq_pred/sample_data/rnaseq_bam/ERR1248404.sorted.bam;R
ERR1248409;/home/jan/rnaseq_pred/sample_data/termseq_bam/ERR1248409.sorted.bam;23;/home/jan/rnaseq_pred/sample_data/genomes/Enterococcus_faecalis/genome.gff3.gz;Enterococcus_faecalis;/home/jan/rnaseq_pred/sample_data/genomes/Enterococcus_faecalis/genome.fa;/home/jan/rnaseq_pred/sample_data/rnaseq_bam/ERR1248429.sorted.bam;R
ERR1248410;/home/jan/rnaseq_pred/sample_data/termseq_bam/ERR1248410.sorted.bam;23;/home/jan/rnaseq_pred/sample_data/genomes/Enterococcus_faecalis/genome.gff3.gz;Enterococcus_faecalis;/home/jan/rnaseq_pred/sample_data/genomes/Enterococcus_faecalis/genome.fa;/home/jan/rnaseq_pred/sample_data/rnaseq_bam/ERR1248429.sorted.bam;R
ERR1248411;/home/jan/rnaseq_pred/sample_data/termseq_bam/ERR1248411.sorted.bam;23;/home/jan/rnaseq_pred/sample_data/genomes/Enterococcus_faecalis/genome.gff3.gz;Enterococcus_faecalis;/home/jan/rnaseq_pred/sample_data/genomes/Enterococcus_faecalis/genome.fa;/home/jan/rnaseq_pred/sample_data/rnaseq_bam/ERR1248429.sorted.bam;R
ERR1248412;/home/jan/rnaseq_pred/sample_data/termseq_bam/ERR1248412.sorted.bam;24;/home/jan/rnaseq_pred/sample_data/genomes/Enterococcus_faecalis/genome.gff3.gz;Enterococcus_faecalis;/home/jan/rnaseq_pred/sample_data/genomes/Enterococcus_faecalis/genome.fa;/home/jan/rnaseq_pred/sample_data/rnaseq_bam/ERR1248430.sorted.bam;R
ERR1248413;/home/jan/rnaseq_pred/sample_data/termseq_bam/ERR1248413.sorted.bam;24;/home/jan/rnaseq_pred/sample_data/genomes/Enterococcus_faecalis/genome.gff3.gz;Enterococcus_faecalis;/home/jan/rnaseq_pred/sample_data/genomes/Enterococcus_faecalis/genome.fa;/home/jan/rnaseq_pred/sample_data/rnaseq_bam/ERR1248430.sorted.bam;R
ERR1248414;/home/jan/rnaseq_pred/sample_data/termseq_bam/ERR1248414.sorted.bam;24;/home/jan/rnaseq_pred/sample_data/genomes/Enterococcus_faecalis/genome.gff3.gz;Enterococcus_faecalis;/home/jan/rnaseq_pred/sample_data/genomes/Enterococcus_faecalis/genome.fa;/home/jan/rnaseq_pred/sample_data/rnaseq_bam/ERR1248430.sorted.bam;R
ERR1248415;/home/jan/rnaseq_pred/sample_data/termseq_bam/ERR1248415.sorted.bam;25;/home/jan/rnaseq_pred/sample_data/genomes/Enterococcus_faecalis/genome.gff3.gz;Enterococcus_faecalis;/home/jan/rnaseq_pred/sample_data/genomes/Enterococcus_faecalis/genome.fa;/home/jan/rnaseq_pred/sample_data/rnaseq_bam/ERR1248431.sorted.bam;R
ERR1248416;/home/jan/rnaseq_pred/sample_data/termseq_bam/ERR1248416.sorted.bam;25;/home/jan/rnaseq_pred/sample_data/genomes/Enterococcus_faecalis/genome.gff3.gz;Enterococcus_faecalis;/home/jan/rnaseq_pred/sample_data/genomes/Enterococcus_faecalis/genome.fa;/home/jan/rnaseq_pred/sample_data/rnaseq_bam/ERR1248431.sorted.bam;R
ERR1248417;/home/jan/rnaseq_pred/sample_data/termseq_bam/ERR1248417.sorted.bam;25;/home/jan/rnaseq_pred/sample_data/genomes/Enterococcus_faecalis/genome.gff3.gz;Enterococcus_faecalis;/home/jan/rnaseq_pred/sample_data/genomes/Enterococcus_faecalis/genome.fa;/home/jan/rnaseq_pred/sample_data/rnaseq_bam/ERR1248431.sorted.bam;R
ERR1248418;/home/jan/rnaseq_pred/sample_data/termseq_bam/ERR1248418.sorted.bam;26;/home/jan/rnaseq_pred/sample_data/genomes/Enterococcus_faecalis/genome.gff3.gz;Enterococcus_faecalis;/home/jan/rnaseq_pred/sample_data/genomes/Enterococcus_faecalis/genome.fa;/home/jan/rnaseq_pred/sample_data/rnaseq_bam/ERR1248432.sorted.bam;R
ERR1248419;/home/jan/rnaseq_pred/sample_data/termseq_bam/ERR1248419.sorted.bam;26;/home/jan/rnaseq_pred/sample_data/genomes/Enterococcus_faecalis/genome.gff3.gz;Enterococcus_faecalis;/home/jan/rnaseq_pred/sample_data/genomes/Enterococcus_faecalis/genome.fa;/home/jan/rnaseq_pred/sample_data/rnaseq_bam/ERR1248432.sorted.bam;R
ERR1248420;/home/jan/rnaseq_pred/sample_data/termseq_bam/ERR1248420.sorted.bam;26;/home/jan/rnaseq_pred/sample_data/genomes/Enterococcus_faecalis/genome.gff3.gz;Enterococcus_faecalis;/home/jan/rnaseq_pred/sample_data/genomes/Enterococcus_faecalis/genome.fa;/home/jan/rnaseq_pred/sample_data/rnaseq_bam/ERR1248432.sorted.bam;R
ERR1248421;/home/jan/rnaseq_pred/sample_data/termseq_bam/ERR1248421.sorted.bam;27;/home/jan/rnaseq_pred/sample_data/genomes/Enterococcus_faecalis/genome.gff3.gz;Enterococcus_faecalis;/home/jan/rnaseq_pred/sample_data/genomes/Enterococcus_faecalis/genome.fa;/home/jan/rnaseq_pred/sample_data/rnaseq_bam/ERR1248433.sorted.bam;R
ERR1248422;/home/jan/rnaseq_pred/sample_data/termseq_bam/ERR1248422.sorted.bam;27;/home/jan/rnaseq_pred/sample_data/genomes/Enterococcus_faecalis/genome.gff3.gz;Enterococcus_faecalis;/home/jan/rnaseq_pred/sample_data/genomes/Enterococcus_faecalis/genome.fa;/home/jan/rnaseq_pred/sample_data/rnaseq_bam/ERR1248433.sorted.bam;R
ERR1248423;/home/jan/rnaseq_pred/sample_data/termseq_bam/ERR1248423.sorted.bam;27;/home/jan/rnaseq_pred/sample_data/genomes/Enterococcus_faecalis/genome.gff3.gz;Enterococcus_faecalis;/home/jan/rnaseq_pred/sample_data/genomes/Enterococcus_faecalis/genome.fa;/home/jan/rnaseq_pred/sample_data/rnaseq_bam/ERR1248433.sorted.bam;R
ERR1248424;/home/jan/rnaseq_pred/sample_data/termseq_bam/ERR1248424.sorted.bam;28;/home/jan/rnaseq_pred/sample_data/genomes/Enterococcus_faecalis/genome.gff3.gz;Enterococcus_faecalis;/home/jan/rnaseq_pred/sample_data/genomes/Enterococcus_faecalis/genome.fa;/home/jan/rnaseq_pred/sample_data/rnaseq_bam/ERR1248434.sorted.bam;R
ERR1248425;/home/jan/rnaseq_pred/sample_data/termseq_bam/ERR1248425.sorted.bam;28;/home/jan/rnaseq_pred/sample_data/genomes/Enterococcus_faecalis/genome.gff3.gz;Enterococcus_faecalis;/home/jan/rnaseq_pred/sample_data/genomes/Enterococcus_faecalis/genome.fa;/home/jan/rnaseq_pred/sample_data/rnaseq_bam/ERR1248434.sorted.bam;R
ERR1248426;/home/jan/rnaseq_pred/sample_data/termseq_bam/ERR1248426.sorted.bam;29;/home/jan/rnaseq_pred/sample_data/genomes/Enterococcus_faecalis/genome.gff3.gz;Enterococcus_faecalis;/home/jan/rnaseq_pred/sample_data/genomes/Enterococcus_faecalis/genome.fa;/home/jan/rnaseq_pred/sample_data/rnaseq_bam/ERR1248435.sorted.bam;R
ERR1248427;/home/jan/rnaseq_pred/sample_data/termseq_bam/ERR1248427.sorted.bam;29;/home/jan/rnaseq_pred/sample_data/genomes/Enterococcus_faecalis/genome.gff3.gz;Enterococcus_faecalis;/home/jan/rnaseq_pred/sample_data/genomes/Enterococcus_faecalis/genome.fa;/home/jan/rnaseq_pred/sample_data/rnaseq_bam/ERR1248435.sorted.bam;R
ERR1248428;/home/jan/rnaseq_pred/sample_data/termseq_bam/ERR1248428.sorted.bam;29;/home/jan/rnaseq_pred/sample_data/genomes/Enterococcus_faecalis/genome.gff3.gz;Enterococcus_faecalis;/home/jan/rnaseq_pred/sample_data/genomes/Enterococcus_faecalis/genome.fa;/home/jan/rnaseq_pred/sample_data/rnaseq_bam/ERR1248435.sorted.bam;R
SRR1918928;/home/jan/rnaseq_pred/sample_data/termseq_bam/SRR1918928.sorted.bam;30;/home/jan/rnaseq_pred/sample_data/genomes/Bacillus_subtilis/genome.gff3.gz;Bacillus_subtilis;/home/jan/rnaseq_pred/sample_data/genomes/Bacillus_subtilis/genome.fa;/home/jan/rnaseq_pred/sample_data/rnaseq_bam/SRR1918928.sorted.bam;R
SRR1918929;/home/jan/rnaseq_pred/sample_data/termseq_bam/SRR1918929.sorted.bam;30;/home/jan/rnaseq_pred/sample_data/genomes/Bacillus_subtilis/genome.gff3.gz;Bacillus_subtilis;/home/jan/rnaseq_pred/sample_data/genomes/Bacillus_subtilis/genome.fa;/home/jan/rnaseq_pred/sample_data/rnaseq_bam/SRR1918929.sorted.bam;R
SRR1918930;/home/jan/rnaseq_pred/sample_data/termseq_bam/SRR1918930.sorted.bam;30;/home/jan/rnaseq_pred/sample_data/genomes/Bacillus_subtilis/genome.gff3.gz;Bacillus_subtilis;/home/jan/rnaseq_pred/sample_data/genomes/Bacillus_subtilis/genome.fa;/home/jan/rnaseq_pred/sample_data/rnaseq_bam/SRR1918930.sorted.bam;R
SRR1918931;/home/jan/rnaseq_pred/sample_data/termseq_bam/SRR1918931.sorted.bam;30;/home/jan/rnaseq_pred/sample_data/genomes/Bacillus_subtilis/genome.gff3.gz;Bacillus_subtilis;/home/jan/rnaseq_pred/sample_data/genomes/Bacillus_subtilis/genome.fa;/home/jan/rnaseq_pred/sample_data/rnaseq_bam/SRR1918931.sorted.bam;R
SRR1918932;/home/jan/rnaseq_pred/sample_data/termseq_bam/SRR1918932.sorted.bam;30;/home/jan/rnaseq_pred/sample_data/genomes/Bacillus_subtilis/genome.gff3.gz;Bacillus_subtilis;/home/jan/rnaseq_pred/sample_data/genomes/Bacillus_subtilis/genome.fa;/home/jan/rnaseq_pred/sample_data/rnaseq_bam/SRR1918932.sorted.bam;R
SRR1918933;/home/jan/rnaseq_pred/sample_data/termseq_bam/SRR1918933.sorted.bam;30;/home/jan/rnaseq_pred/sample_data/genomes/Bacillus_subtilis/genome.gff3.gz;Bacillus_subtilis;/home/jan/rnaseq_pred/sample_data/genomes/Bacillus_subtilis/genome.fa;/home/jan/rnaseq_pred/sample_data/rnaseq_bam/SRR1918933.sorted.bam;R
SRR1918934;/home/jan/rnaseq_pred/sample_data/termseq_bam/SRR1918934.sorted.bam;31;/home/jan/rnaseq_pred/sample_data/genomes/Bacillus_subtilis/genome.gff3.gz;Bacillus_subtilis;/home/jan/rnaseq_pred/sample_data/genomes/Bacillus_subtilis/genome.fa;/home/jan/rnaseq_pred/sample_data/rnaseq_bam/SRR1918934.sorted.bam;R
SRR1918935;/home/jan/rnaseq_pred/sample_data/termseq_bam/SRR1918935.sorted.bam;31;/home/jan/rnaseq_pred/sample_data/genomes/Bacillus_subtilis/genome.gff3.gz;Bacillus_subtilis;/home/jan/rnaseq_pred/sample_data/genomes/Bacillus_subtilis/genome.fa;/home/jan/rnaseq_pred/sample_data/rnaseq_bam/SRR1918935.sorted.bam;R
SRR1918936;/home/jan/rnaseq_pred/sample_data/termseq_bam/SRR1918936.sorted.bam;31;/home/jan/rnaseq_pred/sample_data/genomes/Bacillus_subtilis/genome.gff3.gz;Bacillus_subtilis;/home/jan/rnaseq_pred/sample_data/genomes/Bacillus_subtilis/genome.fa;/home/jan/rnaseq_pred/sample_data/rnaseq_bam/SRR1918936.sorted.bam;R
SRR1918937;/home/jan/rnaseq_pred/sample_data/termseq_bam/SRR1918937.sorted.bam;31;/home/jan/rnaseq_pred/sample_data/genomes/Bacillus_subtilis/genome.gff3.gz;Bacillus_subtilis;/home/jan/rnaseq_pred/sample_data/genomes/Bacillus_subtilis/genome.fa;/home/jan/rnaseq_pred/sample_data/rnaseq_bam/SRR1918937.sorted.bam;R
SRR1918938;/home/jan/rnaseq_pred/sample_data/termseq_bam/SRR1918938.sorted.bam;31;/home/jan/rnaseq_pred/sample_data/genomes/Bacillus_subtilis/genome.gff3.gz;Bacillus_subtilis;/home/jan/rnaseq_pred/sample_data/genomes/Bacillus_subtilis/genome.fa;/home/jan/rnaseq_pred/sample_data/rnaseq_bam/SRR1918938.sorted.bam;R
SRR1918939;/home/jan/rnaseq_pred/sample_data/termseq_bam/SRR1918939.sorted.bam;31;/home/jan/rnaseq_pred/sample_data/genomes/Bacillus_subtilis/genome.gff3.gz;Bacillus_subtilis;/home/jan/rnaseq_pred/sample_data/genomes/Bacillus_subtilis/genome.fa;/home/jan/rnaseq_pred/sample_data/rnaseq_bam/SRR1918939.sorted.bam;R
SRR12763770;/home/jan/rnaseq_pred/sample_data/termseq_bam/SRR12763770.sorted.bam;32;/home/jan/rnaseq_pred/sample_data/genomes/Synechocystis/genome.gff3.gz;Synechocystis;/home/jan/rnaseq_pred/sample_data/genomes/Synechocystis/genome.fa;/home/jan/rnaseq_pred/sample_data/rnaseq_bam/SRR12763774.sorted.bam;R
SRR12763771;/home/jan/rnaseq_pred/sample_data/termseq_bam/SRR12763771.sorted.bam;32;/home/jan/rnaseq_pred/sample_data/genomes/Synechocystis/genome.gff3.gz;Synechocystis;/home/jan/rnaseq_pred/sample_data/genomes/Synechocystis/genome.fa;/home/jan/rnaseq_pred/sample_data/rnaseq_bam/SRR12763775.sorted.bam;R
SRR12232093;/home/jan/rnaseq_pred/sample_data/termseq_bam/SRR12232093.sorted.bam;33;/home/jan/rnaseq_pred/sample_data/genomes/Bacillus_subtilis/genome.gff3.gz;Bacillus_subtilis;/home/jan/rnaseq_pred/sample_data/genomes/Bacillus_subtilis/genome.fa;/home/jan/rnaseq_pred/sample_data/rnaseq_bam/SRR12232093.sorted.bam;R
SRR12232094;/home/jan/rnaseq_pred/sample_data/termseq_bam/SRR12232094.sorted.bam;34;/home/jan/rnaseq_pred/sample_data/genomes/Bacillus_subtilis/genome.gff3.gz;Bacillus_subtilis;/home/jan/rnaseq_pred/sample_data/genomes/Bacillus_subtilis/genome.fa;/home/jan/rnaseq_pred/sample_data/rnaseq_bam/SRR12232094.sorted.bam;R
SRR12232095;/home/jan/rnaseq_pred/sample_data/termseq_bam/SRR12232095.sorted.bam;35;/home/jan/rnaseq_pred/sample_data/genomes/Bacillus_subtilis/genome.gff3.gz;Bacillus_subtilis;/home/jan/rnaseq_pred/sample_data/genomes/Bacillus_subtilis/genome.fa;/home/jan/rnaseq_pred/sample_data/rnaseq_bam/SRR12232095.sorted.bam;R
SRR12232096;/home/jan/rnaseq_pred/sample_data/termseq_bam/SRR12232096.sorted.bam;36;/home/jan/rnaseq_pred/sample_data/genomes/Bacillus_subtilis/genome.gff3.gz;Bacillus_subtilis;/home/jan/rnaseq_pred/sample_data/genomes/Bacillus_subtilis/genome.fa;/home/jan/rnaseq_pred/sample_data/rnaseq_bam/SRR12232096.sorted.bam;R
SRR12232097;/home/jan/rnaseq_pred/sample_data/termseq_bam/SRR12232097.sorted.bam;33;/home/jan/rnaseq_pred/sample_data/genomes/Bacillus_subtilis/genome.gff3.gz;Bacillus_subtilis;/home/jan/rnaseq_pred/sample_data/genomes/Bacillus_subtilis/genome.fa;/home/jan/rnaseq_pred/sample_data/rnaseq_bam/SRR12232097.sorted.bam;R
SRR12232098;/home/jan/rnaseq_pred/sample_data/termseq_bam/SRR12232098.sorted.bam;34;/home/jan/rnaseq_pred/sample_data/genomes/Bacillus_subtilis/genome.gff3.gz;Bacillus_subtilis;/home/jan/rnaseq_pred/sample_data/genomes/Bacillus_subtilis/genome.fa;/home/jan/rnaseq_pred/sample_data/rnaseq_bam/SRR12232098.sorted.bam;R
SRR12232099;/home/jan/rnaseq_pred/sample_data/termseq_bam/SRR12232099.sorted.bam;35;/home/jan/rnaseq_pred/sample_data/genomes/Bacillus_subtilis/genome.gff3.gz;Bacillus_subtilis;/home/jan/rnaseq_pred/sample_data/genomes/Bacillus_subtilis/genome.fa;/home/jan/rnaseq_pred/sample_data/rnaseq_bam/SRR12232099.sorted.bam;R
SRR12232100;/home/jan/rnaseq_pred/sample_data/termseq_bam/SRR12232100.sorted.bam;36;/home/jan/rnaseq_pred/sample_data/genomes/Bacillus_subtilis/genome.gff3.gz;Bacillus_subtilis;/home/jan/rnaseq_pred/sample_data/genomes/Bacillus_subtilis/genome.fa;/home/jan/rnaseq_pred/sample_data/rnaseq_bam/SRR12232100.sorted.bam;R
SRR10400939;/home/jan/rnaseq_pred/sample_data/termseq_bam/SRR10400939.sorted.bam;37;/home/jan/rnaseq_pred/sample_data/genomes/Zymomonas_mobilis/genome.gff3.gz;Zymomonas_mobilis;/home/jan/rnaseq_pred/sample_data/genomes/Zymomonas_mobilis/genome.fa;/home/jan/rnaseq_pred/sample_data/rnaseq_bam/SRR10400958.sorted.bam;R
SRR10400940;/home/jan/rnaseq_pred/sample_data/termseq_bam/SRR10400940.sorted.bam;37;/home/jan/rnaseq_pred/sample_data/genomes/Zymomonas_mobilis/genome.gff3.gz;Zymomonas_mobilis;/home/jan/rnaseq_pred/sample_data/genomes/Zymomonas_mobilis/genome.fa;/home/jan/rnaseq_pred/sample_data/rnaseq_bam/SRR10400959.sorted.bam;R
SRR10400941;/home/jan/rnaseq_pred/sample_data/termseq_bam/SRR10400941.sorted.bam;37;/home/jan/rnaseq_pred/sample_data/genomes/Zymomonas_mobilis/genome.gff3.gz;Zymomonas_mobilis;/home/jan/rnaseq_pred/sample_data/genomes/Zymomonas_mobilis/genome.fa;/home/jan/rnaseq_pred/sample_data/rnaseq_bam/SRR10400960.sorted.bam;R
SRR10400942;/home/jan/rnaseq_pred/sample_data/termseq_bam/SRR10400942.sorted.bam;38;/home/jan/rnaseq_pred/sample_data/genomes/Zymomonas_mobilis/genome.gff3.gz;Zymomonas_mobilis;/home/jan/rnaseq_pred/sample_data/genomes/Zymomonas_mobilis/genome.fa;/home/jan/rnaseq_pred/sample_data/rnaseq_bam/SRR10400961.sorted.bam;R
SRR10400943;/home/jan/rnaseq_pred/sample_data/termseq_bam/SRR10400943.sorted.bam;38;/home/jan/rnaseq_pred/sample_data/genomes/Zymomonas_mobilis/genome.gff3.gz;Zymomonas_mobilis;/home/jan/rnaseq_pred/sample_data/genomes/Zymomonas_mobilis/genome.fa;/home/jan/rnaseq_pred/sample_data/rnaseq_bam/SRR10400962.sorted.bam;R
SRR10400944;/home/jan/rnaseq_pred/sample_data/termseq_bam/SRR10400944.sorted.bam;38;/home/jan/rnaseq_pred/sample_data/genomes/Zymomonas_mobilis/genome.gff3.gz;Zymomonas_mobilis;/home/jan/rnaseq_pred/sample_data/genomes/Zymomonas_mobilis/genome.fa;/home/jan/rnaseq_pred/sample_data/rnaseq_bam/SRR10400963.sorted.bam;R
SRR10400945;/home/jan/rnaseq_pred/sample_data/termseq_bam/SRR10400945.sorted.bam;39;/home/jan/rnaseq_pred/sample_data/genomes/Zymomonas_mobilis/genome.gff3.gz;Zymomonas_mobilis;/home/jan/rnaseq_pred/sample_data/genomes/Zymomonas_mobilis/genome.fa;/home/jan/rnaseq_pred/sample_data/rnaseq_bam/SRR10400964.sorted.bam;R
SRR10400946;/home/jan/rnaseq_pred/sample_data/termseq_bam/SRR10400946.sorted.bam;39;/home/jan/rnaseq_pred/sample_data/genomes/Zymomonas_mobilis/genome.gff3.gz;Zymomonas_mobilis;/home/jan/rnaseq_pred/sample_data/genomes/Zymomonas_mobilis/genome.fa;/home/jan/rnaseq_pred/sample_data/rnaseq_bam/SRR10400965.sorted.bam;R
SRR10400947;/home/jan/rnaseq_pred/sample_data/termseq_bam/SRR10400947.sorted.bam;39;/home/jan/rnaseq_pred/sample_data/genomes/Zymomonas_mobilis/genome.gff3.gz;Zymomonas_mobilis;/home/jan/rnaseq_pred/sample_data/genomes/Zymomonas_mobilis/genome.fa;/home/jan/rnaseq_pred/sample_data/rnaseq_bam/SRR10400966.sorted.bam;R
SRR10400948;/home/jan/rnaseq_pred/sample_data/termseq_bam/SRR10400948.sorted.bam;40;/home/jan/rnaseq_pred/sample_data/genomes/Zymomonas_mobilis/genome.gff3.gz;Zymomonas_mobilis;/home/jan/rnaseq_pred/sample_data/genomes/Zymomonas_mobilis/genome.fa;/home/jan/rnaseq_pred/sample_data/rnaseq_bam/SRR10400967.sorted.bam;R
SRR10400949;/home/jan/rnaseq_pred/sample_data/termseq_bam/SRR10400949.sorted.bam;40;/home/jan/rnaseq_pred/sample_data/genomes/Zymomonas_mobilis/genome.gff3.gz;Zymomonas_mobilis;/home/jan/rnaseq_pred/sample_data/genomes/Zymomonas_mobilis/genome.fa;/home/jan/rnaseq_pred/sample_data/rnaseq_bam/SRR10400968.sorted.bam;R
SRR10400950;/home/jan/rnaseq_pred/sample_data/termseq_bam/SRR10400950.sorted.bam;40;/home/jan/rnaseq_pred/sample_data/genomes/Zymomonas_mobilis/genome.gff3.gz;Zymomonas_mobilis;/home/jan/rnaseq_pred/sample_data/genomes/Zymomonas_mobilis/genome.fa;/home/jan/rnaseq_pred/sample_data/rnaseq_bam/SRR10400969.sorted.bam;R
SRR10400951;/home/jan/rnaseq_pred/sample_data/termseq_bam/SRR10400951.sorted.bam;40;/home/jan/rnaseq_pred/sample_data/genomes/Zymomonas_mobilis/genome.gff3.gz;Zymomonas_mobilis;/home/jan/rnaseq_pred/sample_data/genomes/Zymomonas_mobilis/genome.fa;/home/jan/rnaseq_pred/sample_data/rnaseq_bam/SRR10400970.sorted.bam;R
SRR10400952;/home/jan/rnaseq_pred/sample_data/termseq_bam/SRR10400952.sorted.bam;41;/home/jan/rnaseq_pred/sample_data/genomes/Zymomonas_mobilis/genome.gff3.gz;Zymomonas_mobilis;/home/jan/rnaseq_pred/sample_data/genomes/Zymomonas_mobilis/genome.fa;/home/jan/rnaseq_pred/sample_data/rnaseq_bam/SRR10400971.sorted.bam;R
SRR10400953;/home/jan/rnaseq_pred/sample_data/termseq_bam/SRR10400953.sorted.bam;41;/home/jan/rnaseq_pred/sample_data/genomes/Zymomonas_mobilis/genome.gff3.gz;Zymomonas_mobilis;/home/jan/rnaseq_pred/sample_data/genomes/Zymomonas_mobilis/genome.fa;/home/jan/rnaseq_pred/sample_data/rnaseq_bam/SRR10400974.sorted.bam;R
SRR10400954;/home/jan/rnaseq_pred/sample_data/termseq_bam/SRR10400954.sorted.bam;41;/home/jan/rnaseq_pred/sample_data/genomes/Zymomonas_mobilis/genome.gff3.gz;Zymomonas_mobilis;/home/jan/rnaseq_pred/sample_data/genomes/Zymomonas_mobilis/genome.fa;/home/jan/rnaseq_pred/sample_data/rnaseq_bam/SRR10400977.sorted.bam;R
SRR10400955;/home/jan/rnaseq_pred/sample_data/termseq_bam/SRR10400955.sorted.bam;42;/home/jan/rnaseq_pred/sample_data/genomes/Zymomonas_mobilis/genome.gff3.gz;Zymomonas_mobilis;/home/jan/rnaseq_pred/sample_data/genomes/Zymomonas_mobilis/genome.fa;/home/jan/rnaseq_pred/sample_data/rnaseq_bam/SRR10400980.sorted.bam;R
SRR10400956;/home/jan/rnaseq_pred/sample_data/termseq_bam/SRR10400956.sorted.bam;42;/home/jan/rnaseq_pred/sample_data/genomes/Zymomonas_mobilis/genome.gff3.gz;Zymomonas_mobilis;/home/jan/rnaseq_pred/sample_data/genomes/Zymomonas_mobilis/genome.fa;/home/jan/rnaseq_pred/sample_data/rnaseq_bam/SRR10400983.sorted.bam;R
SRR10400957;/home/jan/rnaseq_pred/sample_data/termseq_bam/SRR10400957.sorted.bam;42;/home/jan/rnaseq_pred/sample_data/genomes/Zymomonas_mobilis/genome.gff3.gz;Zymomonas_mobilis;/home/jan/rnaseq_pred/sample_data/genomes/Zymomonas_mobilis/genome.fa;/home/jan/rnaseq_pred/sample_data/rnaseq_bam/SRR10400986.sorted.bam;R
WT_NusG2;/home/jan/rnaseq_pred/sample_data/termseq_bam/WT_NusG2.sorted.bam;43;/home/jan/rnaseq_pred/sample_data/genomes/Escherichia_coli/genome.gff3.gz;Escherichia_coli;/home/jan/rnaseq_pred/sample_data/genomes/Escherichia_coli/genome.fa;/home/jan/rnaseq_pred/sample_data/rnaseq_bam/WT_NusG2.sorted.bam;R
WT_NusG3;/home/jan/rnaseq_pred/sample_data/termseq_bam/WT_NusG3.sorted.bam;43;/home/jan/rnaseq_pred/sample_data/genomes/Escherichia_coli/genome.gff3.gz;Escherichia_coli;/home/jan/rnaseq_pred/sample_data/genomes/Escherichia_coli/genome.fa;/home/jan/rnaseq_pred/sample_data/rnaseq_bam/WT_NusG3.sorted.bam;R
WT_NusG4;/home/jan/rnaseq_pred/sample_data/termseq_bam/WT_NusG4.sorted.bam;43;/home/jan/rnaseq_pred/sample_data/genomes/Escherichia_coli/genome.gff3.gz;Escherichia_coli;/home/jan/rnaseq_pred/sample_data/genomes/Escherichia_coli/genome.fa;/home/jan/rnaseq_pred/sample_data/rnaseq_bam/WT_NusG4.sorted.bam;R